Workbook

Sheet 养成计算器
A1: 异环 NTE 全角色养成计算器（突破 + 弧盘 联动版）—— 录入角色名/弧盘名自动匹配材料
A2: 使用说明：黄色区域为录入区；浅蓝色区域为自动匹配的材料名称；绿色区域为自动计算的缺口数量；橙色区域为汇总。请勿手动修改公式。
A4: 序号 | B4: 角色名 | C4: 当前等级 | D4: 目标等级 | E4: 弧盘名 | F4: 当前弧盘等级 | G4: 目标弧盘等级 | H4: 备注 | I4: 突破素材 名称 | J4: 突破素材 数量 | K4: 低级异像 名称 | L4: 低级异像 数量 | M4: 中级异像 名称 | N4: 中级异像 数量 | O4: 高级异像 名称 | P4: 高级异像 数量 | Q4: 新锐 攻略 | R4: 资深 攻略 | S4: 特级 攻略 | T4: 角色突破 金币 | U4: 低级弧盘 名称 | V4: 低级弧盘 数量 | W4: 中级弧盘 名称 | X4: 中级弧盘 数量 | Y4: 高级弧盘 名称 | Z4: 高级弧盘 数量 | AA4: 弧盘低级 异像名称 | AB4: 弧盘低级 异像数量 | AC4: 弧盘中级 异像名称 | AD4: 弧盘中级 异像数量 | AE4: 弧盘高级 异像名称 | AF4: 弧盘高级 异像数量 | AG4: 淡色 染剂 | AH4: 无彩 染剂 | AI4: 混沌 染剂 | AJ4: 弧盘强化 金币 | AK4: 总金币 | AL4: 总染剂 经验 | AM4: 总低级 异像 | AN4: 总中级 异像 | AO4: 总高级 异像
A5: 1 | I5: =IF(B5="","",IFERROR(VLOOKUP(B5,全角色突破材料对照!$A:$E,2,FALSE),"未找到")) | J5: =IF(OR(B5="",C5="",D5=""),"",SUMIF(角色等级突破材料总表!$A:$A,"<="&D5,角色等级突破材料总表!$E:$E)-SUMIF(角色等级突破材料总表!$A:$A,"<="&C5,角色等级突破材料总表!$E:$E)) | K5: =IF(B5="","",IFERROR(VLOOKUP(B5,全角色突破材料对照!$A:$E,3,FALSE),"")) | L5: =IF(OR(B5="",C5="",D5=""),"",SUMIF(角色等级突破材料总表!$A:$A,"<="&D5,角色等级突破材料总表!$B:$B)-SUMIF(角色等级突破材料总表!$A:$A,"<="&C5,角色等级突破材料总表!$B:$B)) | M5: =IF(B5="","",IFERROR(VLOOKUP(B5,全角色突破材料对照!$A:$E,4,FALSE),"")) | N5: =IF(OR(B5="",C5="",D5=""),"",SUMIF(角色等级突破材料总表!$A:$A,"<="&D5,角色等级突破材料总表!$C:$C)-SUMIF(角色等级突破材料总表!$A:$A,"<="&C5,角色等级突破材料总表!$C:$C)) | O5: =IF(B5="","",IFERROR(VLOOKUP(B5,全角色突破材料对照!$A:$E,5,FALSE),"")) | P5: =IF(OR(B5="",C5="",D5=""),"",SUMIF(角色等级突破材料总表!$A:$A,"<="&D5,角色等级突破材料总表!$D:$D)-SUMIF(角色等级突破材料总表!$A:$A,"<="&C5,角色等级突破材料总表!$D:$D)) | Q5: =IF(OR(B5="",C5="",D5=""),"",SUMIF(角色等级突破材料总表!$A:$A,"<="&D5,角色等级突破材料总表!$F:$F)-SUMIF(角色等级突破材料总表!$A:$A,"<="&C5,角色等级突破材料总表!$F:$F)) | R5: =IF(OR(B5="",C5="",D5=""),"",SUMIF(角色等级突破材料总表!$A:$A,"<="&D5,角色等级突破材料总表!$G:$G)-SUMIF(角色等级突破材料总表!$A:$A,"<="&C5,角色等级突破材料总表!$G:$G)) | S5: =IF(OR(B5="",C5="",D5=""),"",SUMIF(角色等级突破材料总表!$A:$A,"<="&D5,角色等级突破材料总表!$H:$H)-SUMIF(角色等级突破材料总表!$A:$A,"<="&C5,角色等级突破材料总表!$H:$H)) | T5: =IF(OR(B5="",C5="",D5=""),"",SUMIF(角色等级突破材料总表!$A:$A,"<="&D5,角色等级突破材料总表!$I:$I)-SUMIF(角色等级突破材料总表!$A:$A,"<="&C5,角色等级突破材料总表!$I:$I)) | U5: =IF(E5="","",IFERROR(VLOOKUP(E5,全弧盘突破材料对照!$A:$H,6,FALSE),"未找到")) | V5: =IF(OR(E5="",F5="",G5=""),"",SUMIF(弧盘强化总表!$A:$A,"<="&G5,弧盘强化总表!$B:$B)-SUMIF(弧盘强化总表!$A:$A,"<="&F5,弧盘强化总表!$B:$B)) | W5: =IF(E5="","",IFERROR(VLOOKUP(E5,全弧盘突破材料对照!$A:$H,7,FALSE),"")) | X5: =IF(OR(E5="",F5="",G5=""),"",SUMIF(弧盘强化总表!$A:$A,"<="&G5,弧盘强化总表!$C:$C)-SUMIF(弧盘强化总表!$A:$A,"<="&F5,弧盘强化总表!$C:$C)) | Y5: =IF(E5="","",IFERROR(VLOOKUP(E5,全弧盘突破材料对照!$A:$H,8,FALSE),"")) | Z5: =IF(OR(E5="",F5="",G5=""),"",SUMIF(弧盘强化总表!$A:$A,"<="&G5,弧盘强化总表!$D:$D)-SUMIF(弧盘强化总表!$A:$A,"<="&F5,弧盘强化总表!$D:$D)) | AA5: =IF(E5="","",IFERROR(VLOOKUP(E5,全弧盘突破材料对照!$A:$H,3,FALSE),"")) | AB5: =IF(OR(E5="",F5="",G5=""),"",SUMIF(弧盘强化总表!$A:$A,"<="&G5,弧盘强化总表!$E:$E)-SUMIF(弧盘强化总表!$A:$A,"<="&F5,弧盘强化总表!$E:$E)) | AC5: =IF(E5="","",IFERROR(VLOOKUP(E5,全弧盘突破材料对照!$A:$H,4,FALSE),"")) | AD5: =IF(OR(E5="",F5="",G5=""),"",SUMIF(弧盘强化总表!$A:$A,"<="&G5,弧盘强化总表!$F:$F)-SUMIF(弧盘强化总表!$A:$A,"<="&F5,弧盘强化总表!$F:$F)) | AE5: =IF(E5="","",IFERROR(VLOOKUP(E5,全弧盘突破材料对照!$A:$H,5,FALSE),"")) | AF5: =IF(OR(E5="",F5="",G5=""),"",SUMIF(弧盘强化总表!$A:$A,"<="&G5,弧盘强化总表!$G:$G)-SUMIF(弧盘强化总表!$A:$A,"<="&F5,弧盘强化总表!$G:$G)) | AG5: =IF(OR(E5="",F5="",G5=""),"",SUMIF(弧盘强化总表!$A:$A,"<="&G5,弧盘强化总表!$H:$H)-SUMIF(弧盘强化总表!$A:$A,"<="&F5,弧盘强化总表!$H:$H)) | AH5: =IF(OR(E5="",F5="",G5=""),"",SUMIF(弧盘强化总表!$A:$A,"<="&G5,弧盘强化总表!$I:$I)-SUMIF(弧盘强化总表!$A:$A,"<="&F5,弧盘强化总表!$I:$I)) | AI5: =IF(OR(E5="",F5="",G5=""),"",SUMIF(弧盘强化总表!$A:$A,"<="&G5,弧盘强化总表!$J:$J)-SUMIF(弧盘强化总表!$A:$A,"<="&F5,弧盘强化总表!$J:$J)) | AJ5: =IF(OR(E5="",F5="",G5=""),"",SUMIF(弧盘强化总表!$A:$A,"<="&G5,弧盘强化总表!$K:$K)-SUMIF(弧盘强化总表!$A:$A,"<="&F5,弧盘强化总表!$K:$K)) | AK5: =IF(B5="","",T5+AJ5) | AL5: =IF(B5="","",AG5*500+AH5*2500+AI5*10000) | AM5: =IF(B5="","",L5+AB5) | AN5: =IF(B5="","",N5+AD5) | AO5: =IF(B5="","",P5+AF5)
A6: 2 | I6: =IF(B6="","",IFERROR(VLOOKUP(B6,全角色突破材料对照!$A:$E,2,FALSE),"未找到")) | J6: =IF(OR(B6="",C6="",D6=""),"",SUMIF(角色等级突破材料总表!$A:$A,"<="&D6,角色等级突破材料总表!$E:$E)-SUMIF(角色等级突破材料总表!$A:$A,"<="&C6,角色等级突破材料总表!$E:$E)) | K6: =IF(B6="","",IFERROR(VLOOKUP(B6,全角色突破材料对照!$A:$E,3,FALSE),"")) | L6: =IF(OR(B6="",C6="",D6=""),"",SUMIF(角色等级突破材料总表!$A:$A,"<="&D6,角色等级突破材料总表!$B:$B)-SUMIF(角色等级突破材料总表!$A:$A,"<="&C6,角色等级突破材料总表!$B:$B)) | M6: =IF(B6="","",IFERROR(VLOOKUP(B6,全角色突破材料对照!$A:$E,4,FALSE),"")) | N6: =IF(OR(B6="",C6="",D6=""),"",SUMIF(角色等级突破材料总表!$A:$A,"<="&D6,角色等级突破材料总表!$C:$C)-SUMIF(角色等级突破材料总表!$A:$A,"<="&C6,角色等级突破材料总表!$C:$C)) | O6: =IF(B6="","",IFERROR(VLOOKUP(B6,全角色突破材料对照!$A:$E,5,FALSE),"")) | P6: =IF(OR(B6="",C6="",D6=""),"",SUMIF(角色等级突破材料总表!$A:$A,"<="&D6,角色等级突破材料总表!$D:$D)-SUMIF(角色等级突破材料总表!$A:$A,"<="&C6,角色等级突破材料总表!$D:$D)) | Q6: =IF(OR(B6="",C6="",D6=""),"",SUMIF(角色等级突破材料总表!$A:$A,"<="&D6,角色等级突破材料总表!$F:$F)-SUMIF(角色等级突破材料总表!$A:$A,"<="&C6,角色等级突破材料总表!$F:$F)) | R6: =IF(OR(B6="",C6="",D6=""),"",SUMIF(角色等级突破材料总表!$A:$A,"<="&D6,角色等级突破材料总表!$G:$G)-SUMIF(角色等级突破材料总表!$A:$A,"<="&C6,角色等级突破材料总表!$G:$G)) | S6: =IF(OR(B6="",C6="",D6=""),"",SUMIF(角色等级突破材料总表!$A:$A,"<="&D6,角色等级突破材料总表!$H:$H)-SUMIF(角色等级突破材料总表!$A:$A,"<="&C6,角色等级突破材料总表!$H:$H)) | T6: =IF(OR(B6="",C6="",D6=""),"",SUMIF(角色等级突破材料总表!$A:$A,"<="&D6,角色等级突破材料总表!$I:$I)-SUMIF(角色等级突破材料总表!$A:$A,"<="&C6,角色等级突破材料总表!$I:$I)) | U6: =IF(E6="","",IFERROR(VLOOKUP(E6,全弧盘突破材料对照!$A:$H,6,FALSE),"未找到")) | V6: =IF(OR(E6="",F6="",G6=""),"",SUMIF(弧盘强化总表!$A:$A,"<="&G6,弧盘强化总表!$B:$B)-SUMIF(弧盘强化总表!$A:$A,"<="&F6,弧盘强化总表!$B:$B)) | W6: =IF(E6="","",IFERROR(VLOOKUP(E6,全弧盘突破材料对照!$A:$H,7,FALSE),"")) | X6: =IF(OR(E6="",F6="",G6=""),"",SUMIF(弧盘强化总表!$A:$A,"<="&G6,弧盘强化总表!$C:$C)-SUMIF(弧盘强化总表!$A:$A,"<="&F6,弧盘强化总表!$C:$C)) | Y6: =IF(E6="","",IFERROR(VLOOKUP(E6,全弧盘突破材料对照!$A:$H,8,FALSE),"")) | Z6: =IF(OR(E6="",F6="",G6=""),"",SUMIF(弧盘强化总表!$A:$A,"<="&G6,弧盘强化总表!$D:$D)-SUMIF(弧盘强化总表!$A:$A,"<="&F6,弧盘强化总表!$D:$D)) | AA6: =IF(E6="","",IFERROR(VLOOKUP(E6,全弧盘突破材料对照!$A:$H,3,FALSE),"")) | AB6: =IF(OR(E6="",F6="",G6=""),"",SUMIF(弧盘强化总表!$A:$A,"<="&G6,弧盘强化总表!$E:$E)-SUMIF(弧盘强化总表!$A:$A,"<="&F6,弧盘强化总表!$E:$E)) | AC6: =IF(E6="","",IFERROR(VLOOKUP(E6,全弧盘突破材料对照!$A:$H,4,FALSE),"")) | AD6: =IF(OR(E6="",F6="",G6=""),"",SUMIF(弧盘强化总表!$A:$A,"<="&G6,弧盘强化总表!$F:$F)-SUMIF(弧盘强化总表!$A:$A,"<="&F6,弧盘强化总表!$F:$F)) | AE6: =IF(E6="","",IFERROR(VLOOKUP(E6,全弧盘突破材料对照!$A:$H,5,FALSE),"")) | AF6: =IF(OR(E6="",F6="",G6=""),"",SUMIF(弧盘强化总表!$A:$A,"<="&G6,弧盘强化总表!$G:$G)-SUMIF(弧盘强化总表!$A:$A,"<="&F6,弧盘强化总表!$G:$G)) | AG6: =IF(OR(E6="",F6="",G6=""),"",SUMIF(弧盘强化总表!$A:$A,"<="&G6,弧盘强化总表!$H:$H)-SUMIF(弧盘强化总表!$A:$A,"<="&F6,弧盘强化总表!$H:$H)) | AH6: =IF(OR(E6="",F6="",G6=""),"",SUMIF(弧盘强化总表!$A:$A,"<="&G6,弧盘强化总表!$I:$I)-SUMIF(弧盘强化总表!$A:$A,"<="&F6,弧盘强化总表!$I:$I)) | AI6: =IF(OR(E6="",F6="",G6=""),"",SUMIF(弧盘强化总表!$A:$A,"<="&G6,弧盘强化总表!$J:$J)-SUMIF(弧盘强化总表!$A:$A,"<="&F6,弧盘强化总表!$J:$J)) | AJ6: =IF(OR(E6="",F6="",G6=""),"",SUMIF(弧盘强化总表!$A:$A,"<="&G6,弧盘强化总表!$K:$K)-SUMIF(弧盘强化总表!$A:$A,"<="&F6,弧盘强化总表!$K:$K)) | AK6: =IF(B6="","",T6+AJ6) | AL6: =IF(B6="","",AG6*500+AH6*2500+AI6*10000) | AM6: =IF(B6="","",L6+AB6) | AN6: =IF(B6="","",N6+AD6) | AO6: =IF(B6="","",P6+AF6)
A7: 3 | I7: =IF(B7="","",IFERROR(VLOOKUP(B7,全角色突破材料对照!$A:$E,2,FALSE),"未找到")) | J7: =IF(OR(B7="",C7="",D7=""),"",SUMIF(角色等级突破材料总表!$A:$A,"<="&D7,角色等级突破材料总表!$E:$E)-SUMIF(角色等级突破材料总表!$A:$A,"<="&C7,角色等级突破材料总表!$E:$E)) | K7: =IF(B7="","",IFERROR(VLOOKUP(B7,全角色突破材料对照!$A:$E,3,FALSE),"")) | L7: =IF(OR(B7="",C7="",D7=""),"",SUMIF(角色等级突破材料总表!$A:$A,"<="&D7,角色等级突破材料总表!$B:$B)-SUMIF(角色等级突破材料总表!$A:$A,"<="&C7,角色等级突破材料总表!$B:$B)) | M7: =IF(B7="","",IFERROR(VLOOKUP(B7,全角色突破材料对照!$A:$E,4,FALSE),"")) | N7: =IF(OR(B7="",C7="",D7=""),"",SUMIF(角色等级突破材料总表!$A:$A,"<="&D7,角色等级突破材料总表!$C:$C)-SUMIF(角色等级突破材料总表!$A:$A,"<="&C7,角色等级突破材料总表!$C:$C)) | O7: =IF(B7="","",IFERROR(VLOOKUP(B7,全角色突破材料对照!$A:$E,5,FALSE),"")) | P7: =IF(OR(B7="",C7="",D7=""),"",SUMIF(角色等级突破材料总表!$A:$A,"<="&D7,角色等级突破材料总表!$D:$D)-SUMIF(角色等级突破材料总表!$A:$A,"<="&C7,角色等级突破材料总表!$D:$D)) | Q7: =IF(OR(B7="",C7="",D7=""),"",SUMIF(角色等级突破材料总表!$A:$A,"<="&D7,角色等级突破材料总表!$F:$F)-SUMIF(角色等级突破材料总表!$A:$A,"<="&C7,角色等级突破材料总表!$F:$F)) | R7: =IF(OR(B7="",C7="",D7=""),"",SUMIF(角色等级突破材料总表!$A:$A,"<="&D7,角色等级突破材料总表!$G:$G)-SUMIF(角色等级突破材料总表!$A:$A,"<="&C7,角色等级突破材料总表!$G:$G)) | S7: =IF(OR(B7="",C7="",D7=""),"",SUMIF(角色等级突破材料总表!$A:$A,"<="&D7,角色等级突破材料总表!$H:$H)-SUMIF(角色等级突破材料总表!$A:$A,"<="&C7,角色等级突破材料总表!$H:$H)) | T7: =IF(OR(B7="",C7="",D7=""),"",SUMIF(角色等级突破材料总表!$A:$A,"<="&D7,角色等级突破材料总表!$I:$I)-SUMIF(角色等级突破材料总表!$A:$A,"<="&C7,角色等级突破材料总表!$I:$I)) | U7: =IF(E7="","",IFERROR(VLOOKUP(E7,全弧盘突破材料对照!$A:$H,6,FALSE),"未找到")) | V7: =IF(OR(E7="",F7="",G7=""),"",SUMIF(弧盘强化总表!$A:$A,"<="&G7,弧盘强化总表!$B:$B)-SUMIF(弧盘强化总表!$A:$A,"<="&F7,弧盘强化总表!$B:$B)) | W7: =IF(E7="","",IFERROR(VLOOKUP(E7,全弧盘突破材料对照!$A:$H,7,FALSE),"")) | X7: =IF(OR(E7="",F7="",G7=""),"",SUMIF(弧盘强化总表!$A:$A,"<="&G7,弧盘强化总表!$C:$C)-SUMIF(弧盘强化总表!$A:$A,"<="&F7,弧盘强化总表!$C:$C)) | Y7: =IF(E7="","",IFERROR(VLOOKUP(E7,全弧盘突破材料对照!$A:$H,8,FALSE),"")) | Z7: =IF(OR(E7="",F7="",G7=""),"",SUMIF(弧盘强化总表!$A:$A,"<="&G7,弧盘强化总表!$D:$D)-SUMIF(弧盘强化总表!$A:$A,"<="&F7,弧盘强化总表!$D:$D)) | AA7: =IF(E7="","",IFERROR(VLOOKUP(E7,全弧盘突破材料对照!$A:$H,3,FALSE),"")) | AB7: =IF(OR(E7="",F7="",G7=""),"",SUMIF(弧盘强化总表!$A:$A,"<="&G7,弧盘强化总表!$E:$E)-SUMIF(弧盘强化总表!$A:$A,"<="&F7,弧盘强化总表!$E:$E)) | AC7: =IF(E7="","",IFERROR(VLOOKUP(E7,全弧盘突破材料对照!$A:$H,4,FALSE),"")) | AD7: =IF(OR(E7="",F7="",G7=""),"",SUMIF(弧盘强化总表!$A:$A,"<="&G7,弧盘强化总表!$F:$F)-SUMIF(弧盘强化总表!$A:$A,"<="&F7,弧盘强化总表!$F:$F)) | AE7: =IF(E7="","",IFERROR(VLOOKUP(E7,全弧盘突破材料对照!$A:$H,5,FALSE),"")) | AF7: =IF(OR(E7="",F7="",G7=""),"",SUMIF(弧盘强化总表!$A:$A,"<="&G7,弧盘强化总表!$G:$G)-SUMIF(弧盘强化总表!$A:$A,"<="&F7,弧盘强化总表!$G:$G)) | AG7: =IF(OR(E7="",F7="",G7=""),"",SUMIF(弧盘强化总表!$A:$A,"<="&G7,弧盘强化总表!$H:$H)-SUMIF(弧盘强化总表!$A:$A,"<="&F7,弧盘强化总表!$H:$H)) | AH7: =IF(OR(E7="",F7="",G7=""),"",SUMIF(弧盘强化总表!$A:$A,"<="&G7,弧盘强化总表!$I:$I)-SUMIF(弧盘强化总表!$A:$A,"<="&F7,弧盘强化总表!$I:$I)) | AI7: =IF(OR(E7="",F7="",G7=""),"",SUMIF(弧盘强化总表!$A:$A,"<="&G7,弧盘强化总表!$J:$J)-SUMIF(弧盘强化总表!$A:$A,"<="&F7,弧盘强化总表!$J:$J)) | AJ7: =IF(OR(E7="",F7="",G7=""),"",SUMIF(弧盘强化总表!$A:$A,"<="&G7,弧盘强化总表!$K:$K)-SUMIF(弧盘强化总表!$A:$A,"<="&F7,弧盘强化总表!$K:$K)) | AK7: =IF(B7="","",T7+AJ7) | AL7: =IF(B7="","",AG7*500+AH7*2500+AI7*10000) | AM7: =IF(B7="","",L7+AB7) | AN7: =IF(B7="","",N7+AD7) | AO7: =IF(B7="","",P7+AF7)
A8: 4 | I8: =IF(B8="","",IFERROR(VLOOKUP(B8,全角色突破材料对照!$A:$E,2,FALSE),"未找到")) | J8: =IF(OR(B8="",C8="",D8=""),"",SUMIF(角色等级突破材料总表!$A:$A,"<="&D8,角色等级突破材料总表!$E:$E)-SUMIF(角色等级突破材料总表!$A:$A,"<="&C8,角色等级突破材料总表!$E:$E)) | K8: =IF(B8="","",IFERROR(VLOOKUP(B8,全角色突破材料对照!$A:$E,3,FALSE),"")) | L8: =IF(OR(B8="",C8="",D8=""),"",SUMIF(角色等级突破材料总表!$A:$A,"<="&D8,角色等级突破材料总表!$B:$B)-SUMIF(角色等级突破材料总表!$A:$A,"<="&C8,角色等级突破材料总表!$B:$B)) | M8: =IF(B8="","",IFERROR(VLOOKUP(B8,全角色突破材料对照!$A:$E,4,FALSE),"")) | N8: =IF(OR(B8="",C8="",D8=""),"",SUMIF(角色等级突破材料总表!$A:$A,"<="&D8,角色等级突破材料总表!$C:$C)-SUMIF(角色等级突破材料总表!$A:$A,"<="&C8,角色等级突破材料总表!$C:$C)) | O8: =IF(B8="","",IFERROR(VLOOKUP(B8,全角色突破材料对照!$A:$E,5,FALSE),"")) | P8: =IF(OR(B8="",C8="",D8=""),"",SUMIF(角色等级突破材料总表!$A:$A,"<="&D8,角色等级突破材料总表!$D:$D)-SUMIF(角色等级突破材料总表!$A:$A,"<="&C8,角色等级突破材料总表!$D:$D)) | Q8: =IF(OR(B8="",C8="",D8=""),"",SUMIF(角色等级突破材料总表!$A:$A,"<="&D8,角色等级突破材料总表!$F:$F)-SUMIF(角色等级突破材料总表!$A:$A,"<="&C8,角色等级突破材料总表!$F:$F)) | R8: =IF(OR(B8="",C8="",D8=""),"",SUMIF(角色等级突破材料总表!$A:$A,"<="&D8,角色等级突破材料总表!$G:$G)-SUMIF(角色等级突破材料总表!$A:$A,"<="&C8,角色等级突破材料总表!$G:$G)) | S8: =IF(OR(B8="",C8="",D8=""),"",SUMIF(角色等级突破材料总表!$A:$A,"<="&D8,角色等级突破材料总表!$H:$H)-SUMIF(角色等级突破材料总表!$A:$A,"<="&C8,角色等级突破材料总表!$H:$H)) | T8: =IF(OR(B8="",C8="",D8=""),"",SUMIF(角色等级突破材料总表!$A:$A,"<="&D8,角色等级突破材料总表!$I:$I)-SUMIF(角色等级突破材料总表!$A:$A,"<="&C8,角色等级突破材料总表!$I:$I)) | U8: =IF(E8="","",IFERROR(VLOOKUP(E8,全弧盘突破材料对照!$A:$H,6,FALSE),"未找到")) | V8: =IF(OR(E8="",F8="",G8=""),"",SUMIF(弧盘强化总表!$A:$A,"<="&G8,弧盘强化总表!$B:$B)-SUMIF(弧盘强化总表!$A:$A,"<="&F8,弧盘强化总表!$B:$B)) | W8: =IF(E8="","",IFERROR(VLOOKUP(E8,全弧盘突破材料对照!$A:$H,7,FALSE),"")) | X8: =IF(OR(E8="",F8="",G8=""),"",SUMIF(弧盘强化总表!$A:$A,"<="&G8,弧盘强化总表!$C:$C)-SUMIF(弧盘强化总表!$A:$A,"<="&F8,弧盘强化总表!$C:$C)) | Y8: =IF(E8="","",IFERROR(VLOOKUP(E8,全弧盘突破材料对照!$A:$H,8,FALSE),"")) | Z8: =IF(OR(E8="",F8="",G8=""),"",SUMIF(弧盘强化总表!$A:$A,"<="&G8,弧盘强化总表!$D:$D)-SUMIF(弧盘强化总表!$A:$A,"<="&F8,弧盘强化总表!$D:$D)) | AA8: =IF(E8="","",IFERROR(VLOOKUP(E8,全弧盘突破材料对照!$A:$H,3,FALSE),"")) | AB8: =IF(OR(E8="",F8="",G8=""),"",SUMIF(弧盘强化总表!$A:$A,"<="&G8,弧盘强化总表!$E:$E)-SUMIF(弧盘强化总表!$A:$A,"<="&F8,弧盘强化总表!$E:$E)) | AC8: =IF(E8="","",IFERROR(VLOOKUP(E8,全弧盘突破材料对照!$A:$H,4,FALSE),"")) | AD8: =IF(OR(E8="",F8="",G8=""),"",SUMIF(弧盘强化总表!$A:$A,"<="&G8,弧盘强化总表!$F:$F)-SUMIF(弧盘强化总表!$A:$A,"<="&F8,弧盘强化总表!$F:$F)) | AE8: =IF(E8="","",IFERROR(VLOOKUP(E8,全弧盘突破材料对照!$A:$H,5,FALSE),"")) | AF8: =IF(OR(E8="",F8="",G8=""),"",SUMIF(弧盘强化总表!$A:$A,"<="&G8,弧盘强化总表!$G:$G)-SUMIF(弧盘强化总表!$A:$A,"<="&F8,弧盘强化总表!$G:$G)) | AG8: =IF(OR(E8="",F8="",G8=""),"",SUMIF(弧盘强化总表!$A:$A,"<="&G8,弧盘强化总表!$H:$H)-SUMIF(弧盘强化总表!$A:$A,"<="&F8,弧盘强化总表!$H:$H)) | AH8: =IF(OR(E8="",F8="",G8=""),"",SUMIF(弧盘强化总表!$A:$A,"<="&G8,弧盘强化总表!$I:$I)-SUMIF(弧盘强化总表!$A:$A,"<="&F8,弧盘强化总表!$I:$I)) | AI8: =IF(OR(E8="",F8="",G8=""),"",SUMIF(弧盘强化总表!$A:$A,"<="&G8,弧盘强化总表!$J:$J)-SUMIF(弧盘强化总表!$A:$A,"<="&F8,弧盘强化总表!$J:$J)) | AJ8: =IF(OR(E8="",F8="",G8=""),"",SUMIF(弧盘强化总表!$A:$A,"<="&G8,弧盘强化总表!$K:$K)-SUMIF(弧盘强化总表!$A:$A,"<="&F8,弧盘强化总表!$K:$K)) | AK8: =IF(B8="","",T8+AJ8) | AL8: =IF(B8="","",AG8*500+AH8*2500+AI8*10000) | AM8: =IF(B8="","",L8+AB8) | AN8: =IF(B8="","",N8+AD8) | AO8: =IF(B8="","",P8+AF8)
A9: 5 | I9: =IF(B9="","",IFERROR(VLOOKUP(B9,全角色突破材料对照!$A:$E,2,FALSE),"未找到")) | J9: =IF(OR(B9="",C9="",D9=""),"",SUMIF(角色等级突破材料总表!$A:$A,"<="&D9,角色等级突破材料总表!$E:$E)-SUMIF(角色等级突破材料总表!$A:$A,"<="&C9,角色等级突破材料总表!$E:$E)) | K9: =IF(B9="","",IFERROR(VLOOKUP(B9,全角色突破材料对照!$A:$E,3,FALSE),"")) | L9: =IF(OR(B9="",C9="",D9=""),"",SUMIF(角色等级突破材料总表!$A:$A,"<="&D9,角色等级突破材料总表!$B:$B)-SUMIF(角色等级突破材料总表!$A:$A,"<="&C9,角色等级突破材料总表!$B:$B)) | M9: =IF(B9="","",IFERROR(VLOOKUP(B9,全角色突破材料对照!$A:$E,4,FALSE),"")) | N9: =IF(OR(B9="",C9="",D9=""),"",SUMIF(角色等级突破材料总表!$A:$A,"<="&D9,角色等级突破材料总表!$C:$C)-SUMIF(角色等级突破材料总表!$A:$A,"<="&C9,角色等级突破材料总表!$C:$C)) | O9: =IF(B9="","",IFERROR(VLOOKUP(B9,全角色突破材料对照!$A:$E,5,FALSE),"")) | P9: =IF(OR(B9="",C9="",D9=""),"",SUMIF(角色等级突破材料总表!$A:$A,"<="&D9,角色等级突破材料总表!$D:$D)-SUMIF(角色等级突破材料总表!$A:$A,"<="&C9,角色等级突破材料总表!$D:$D)) | Q9: =IF(OR(B9="",C9="",D9=""),"",SUMIF(角色等级突破材料总表!$A:$A,"<="&D9,角色等级突破材料总表!$F:$F)-SUMIF(角色等级突破材料总表!$A:$A,"<="&C9,角色等级突破材料总表!$F:$F)) | R9: =IF(OR(B9="",C9="",D9=""),"",SUMIF(角色等级突破材料总表!$A:$A,"<="&D9,角色等级突破材料总表!$G:$G)-SUMIF(角色等级突破材料总表!$A:$A,"<="&C9,角色等级突破材料总表!$G:$G)) | S9: =IF(OR(B9="",C9="",D9=""),"",SUMIF(角色等级突破材料总表!$A:$A,"<="&D9,角色等级突破材料总表!$H:$H)-SUMIF(角色等级突破材料总表!$A:$A,"<="&C9,角色等级突破材料总表!$H:$H)) | T9: =IF(OR(B9="",C9="",D9=""),"",SUMIF(角色等级突破材料总表!$A:$A,"<="&D9,角色等级突破材料总表!$I:$I)-SUMIF(角色等级突破材料总表!$A:$A,"<="&C9,角色等级突破材料总表!$I:$I)) | U9: =IF(E9="","",IFERROR(VLOOKUP(E9,全弧盘突破材料对照!$A:$H,6,FALSE),"未找到")) | V9: =IF(OR(E9="",F9="",G9=""),"",SUMIF(弧盘强化总表!$A:$A,"<="&G9,弧盘强化总表!$B:$B)-SUMIF(弧盘强化总表!$A:$A,"<="&F9,弧盘强化总表!$B:$B)) | W9: =IF(E9="","",IFERROR(VLOOKUP(E9,全弧盘突破材料对照!$A:$H,7,FALSE),"")) | X9: =IF(OR(E9="",F9="",G9=""),"",SUMIF(弧盘强化总表!$A:$A,"<="&G9,弧盘强化总表!$C:$C)-SUMIF(弧盘强化总表!$A:$A,"<="&F9,弧盘强化总表!$C:$C)) | Y9: =IF(E9="","",IFERROR(VLOOKUP(E9,全弧盘突破材料对照!$A:$H,8,FALSE),"")) | Z9: =IF(OR(E9="",F9="",G9=""),"",SUMIF(弧盘强化总表!$A:$A,"<="&G9,弧盘强化总表!$D:$D)-SUMIF(弧盘强化总表!$A:$A,"<="&F9,弧盘强化总表!$D:$D)) | AA9: =IF(E9="","",IFERROR(VLOOKUP(E9,全弧盘突破材料对照!$A:$H,3,FALSE),"")) | AB9: =IF(OR(E9="",F9="",G9=""),"",SUMIF(弧盘强化总表!$A:$A,"<="&G9,弧盘强化总表!$E:$E)-SUMIF(弧盘强化总表!$A:$A,"<="&F9,弧盘强化总表!$E:$E)) | AC9: =IF(E9="","",IFERROR(VLOOKUP(E9,全弧盘突破材料对照!$A:$H,4,FALSE),"")) | AD9: =IF(OR(E9="",F9="",G9=""),"",SUMIF(弧盘强化总表!$A:$A,"<="&G9,弧盘强化总表!$F:$F)-SUMIF(弧盘强化总表!$A:$A,"<="&F9,弧盘强化总表!$F:$F)) | AE9: =IF(E9="","",IFERROR(VLOOKUP(E9,全弧盘突破材料对照!$A:$H,5,FALSE),"")) | AF9: =IF(OR(E9="",F9="",G9=""),"",SUMIF(弧盘强化总表!$A:$A,"<="&G9,弧盘强化总表!$G:$G)-SUMIF(弧盘强化总表!$A:$A,"<="&F9,弧盘强化总表!$G:$G)) | AG9: =IF(OR(E9="",F9="",G9=""),"",SUMIF(弧盘强化总表!$A:$A,"<="&G9,弧盘强化总表!$H:$H)-SUMIF(弧盘强化总表!$A:$A,"<="&F9,弧盘强化总表!$H:$H)) | AH9: =IF(OR(E9="",F9="",G9=""),"",SUMIF(弧盘强化总表!$A:$A,"<="&G9,弧盘强化总表!$I:$I)-SUMIF(弧盘强化总表!$A:$A,"<="&F9,弧盘强化总表!$I:$I)) | AI9: =IF(OR(E9="",F9="",G9=""),"",SUMIF(弧盘强化总表!$A:$A,"<="&G9,弧盘强化总表!$J:$J)-SUMIF(弧盘强化总表!$A:$A,"<="&F9,弧盘强化总表!$J:$J)) | AJ9: =IF(OR(E9="",F9="",G9=""),"",SUMIF(弧盘强化总表!$A:$A,"<="&G9,弧盘强化总表!$K:$K)-SUMIF(弧盘强化总表!$A:$A,"<="&F9,弧盘强化总表!$K:$K)) | AK9: =IF(B9="","",T9+AJ9) | AL9: =IF(B9="","",AG9*500+AH9*2500+AI9*10000) | AM9: =IF(B9="","",L9+AB9) | AN9: =IF(B9="","",N9+AD9) | AO9: =IF(B9="","",P9+AF9)
A10: 6 | I10: =IF(B10="","",IFERROR(VLOOKUP(B10,全角色突破材料对照!$A:$E,2,FALSE),"未找到")) | J10: =IF(OR(B10="",C10="",D10=""),"",SUMIF(角色等级突破材料总表!$A:$A,"<="&D10,角色等级突破材料总表!$E:$E)-SUMIF(角色等级突破材料总表!$A:$A,"<="&C10,角色等级突破材料总表!$E:$E)) | K10: =IF(B10="","",IFERROR(VLOOKUP(B10,全角色突破材料对照!$A:$E,3,FALSE),"")) | L10: =IF(OR(B10="",C10="",D10=""),"",SUMIF(角色等级突破材料总表!$A:$A,"<="&D10,角色等级突破材料总表!$B:$B)-SUMIF(角色等级突破材料总表!$A:$A,"<="&C10,角色等级突破材料总表!$B:$B)) | M10: =IF(B10="","",IFERROR(VLOOKUP(B10,全角色突破材料对照!$A:$E,4,FALSE),"")) | N10: =IF(OR(B10="",C10="",D10=""),"",SUMIF(角色等级突破材料总表!$A:$A,"<="&D10,角色等级突破材料总表!$C:$C)-SUMIF(角色等级突破材料总表!$A:$A,"<="&C10,角色等级突破材料总表!$C:$C)) | O10: =IF(B10="","",IFERROR(VLOOKUP(B10,全角色突破材料对照!$A:$E,5,FALSE),"")) | P10: =IF(OR(B10="",C10="",D10=""),"",SUMIF(角色等级突破材料总表!$A:$A,"<="&D10,角色等级突破材料总表!$D:$D)-SUMIF(角色等级突破材料总表!$A:$A,"<="&C10,角色等级突破材料总表!$D:$D)) | Q10: =IF(OR(B10="",C10="",D10=""),"",SUMIF(角色等级突破材料总表!$A:$A,"<="&D10,角色等级突破材料总表!$F:$F)-SUMIF(角色等级突破材料总表!$A:$A,"<="&C10,角色等级突破材料总表!$F:$F)) | R10: =IF(OR(B10="",C10="",D10=""),"",SUMIF(角色等级突破材料总表!$A:$A,"<="&D10,角色等级突破材料总表!$G:$G)-SUMIF(角色等级突破材料总表!$A:$A,"<="&C10,角色等级突破材料总表!$G:$G)) | S10: =IF(OR(B10="",C10="",D10=""),"",SUMIF(角色等级突破材料总表!$A:$A,"<="&D10,角色等级突破材料总表!$H:$H)-SUMIF(角色等级突破材料总表!$A:$A,"<="&C10,角色等级突破材料总表!$H:$H)) | T10: =IF(OR(B10="",C10="",D10=""),"",SUMIF(角色等级突破材料总表!$A:$A,"<="&D10,角色等级突破材料总表!$I:$I)-SUMIF(角色等级突破材料总表!$A:$A,"<="&C10,角色等级突破材料总表!$I:$I)) | U10: =IF(E10="","",IFERROR(VLOOKUP(E10,全弧盘突破材料对照!$A:$H,6,FALSE),"未找到")) | V10: =IF(OR(E10="",F10="",G10=""),"",SUMIF(弧盘强化总表!$A:$A,"<="&G10,弧盘强化总表!$B:$B)-SUMIF(弧盘强化总表!$A:$A,"<="&F10,弧盘强化总表!$B:$B)) | W10: =IF(E10="","",IFERROR(VLOOKUP(E10,全弧盘突破材料对照!$A:$H,7,FALSE),"")) | X10: =IF(OR(E10="",F10="",G10=""),"",SUMIF(弧盘强化总表!$A:$A,"<="&G10,弧盘强化总表!$C:$C)-SUMIF(弧盘强化总表!$A:$A,"<="&F10,弧盘强化总表!$C:$C)) | Y10: =IF(E10="","",IFERROR(VLOOKUP(E10,全弧盘突破材料对照!$A:$H,8,FALSE),"")) | Z10: =IF(OR(E10="",F10="",G10=""),"",SUMIF(弧盘强化总表!$A:$A,"<="&G10,弧盘强化总表!$D:$D)-SUMIF(弧盘强化总表!$A:$A,"<="&F10,弧盘强化总表!$D:$D)) | AA10: =IF(E10="","",IFERROR(VLOOKUP(E10,全弧盘突破材料对照!$A:$H,3,FALSE),"")) | AB10: =IF(OR(E10="",F10="",G10=""),"",SUMIF(弧盘强化总表!$A:$A,"<="&G10,弧盘强化总表!$E:$E)-SUMIF(弧盘强化总表!$A:$A,"<="&F10,弧盘强化总表!$E:$E)) | AC10: =IF(E10="","",IFERROR(VLOOKUP(E10,全弧盘突破材料对照!$A:$H,4,FALSE),"")) | AD10: =IF(OR(E10="",F10="",G10=""),"",SUMIF(弧盘强化总表!$A:$A,"<="&G10,弧盘强化总表!$F:$F)-SUMIF(弧盘强化总表!$A:$A,"<="&F10,弧盘强化总表!$F:$F)) | AE10: =IF(E10="","",IFERROR(VLOOKUP(E10,全弧盘突破材料对照!$A:$H,5,FALSE),"")) | AF10: =IF(OR(E10="",F10="",G10=""),"",SUMIF(弧盘强化总表!$A:$A,"<="&G10,弧盘强化总表!$G:$G)-SUMIF(弧盘强化总表!$A:$A,"<="&F10,弧盘强化总表!$G:$G)) | AG10: =IF(OR(E10="",F10="",G10=""),"",SUMIF(弧盘强化总表!$A:$A,"<="&G10,弧盘强化总表!$H:$H)-SUMIF(弧盘强化总表!$A:$A,"<="&F10,弧盘强化总表!$H:$H)) | AH10: =IF(OR(E10="",F10="",G10=""),"",SUMIF(弧盘强化总表!$A:$A,"<="&G10,弧盘强化总表!$I:$I)-SUMIF(弧盘强化总表!$A:$A,"<="&F10,弧盘强化总表!$I:$I)) | AI10: =IF(OR(E10="",F10="",G10=""),"",SUMIF(弧盘强化总表!$A:$A,"<="&G10,弧盘强化总表!$J:$J)-SUMIF(弧盘强化总表!$A:$A,"<="&F10,弧盘强化总表!$J:$J)) | AJ10: =IF(OR(E10="",F10="",G10=""),"",SUMIF(弧盘强化总表!$A:$A,"<="&G10,弧盘强化总表!$K:$K)-SUMIF(弧盘强化总表!$A:$A,"<="&F10,弧盘强化总表!$K:$K)) | AK10: =IF(B10="","",T10+AJ10) | AL10: =IF(B10="","",AG10*500+AH10*2500+AI10*10000) | AM10: =IF(B10="","",L10+AB10) | AN10: =IF(B10="","",N10+AD10) | AO10: =IF(B10="","",P10+AF10)
A11: 7 | I11: =IF(B11="","",IFERROR(VLOOKUP(B11,全角色突破材料对照!$A:$E,2,FALSE),"未找到")) | J11: =IF(OR(B11="",C11="",D11=""),"",SUMIF(角色等级突破材料总表!$A:$A,"<="&D11,角色等级突破材料总表!$E:$E)-SUMIF(角色等级突破材料总表!$A:$A,"<="&C11,角色等级突破材料总表!$E:$E)) | K11: =IF(B11="","",IFERROR(VLOOKUP(B11,全角色突破材料对照!$A:$E,3,FALSE),"")) | L11: =IF(OR(B11="",C11="",D11=""),"",SUMIF(角色等级突破材料总表!$A:$A,"<="&D11,角色等级突破材料总表!$B:$B)-SUMIF(角色等级突破材料总表!$A:$A,"<="&C11,角色等级突破材料总表!$B:$B)) | M11: =IF(B11="","",IFERROR(VLOOKUP(B11,全角色突破材料对照!$A:$E,4,FALSE),"")) | N11: =IF(OR(B11="",C11="",D11=""),"",SUMIF(角色等级突破材料总表!$A:$A,"<="&D11,角色等级突破材料总表!$C:$C)-SUMIF(角色等级突破材料总表!$A:$A,"<="&C11,角色等级突破材料总表!$C:$C)) | O11: =IF(B11="","",IFERROR(VLOOKUP(B11,全角色突破材料对照!$A:$E,5,FALSE),"")) | P11: =IF(OR(B11="",C11="",D11=""),"",SUMIF(角色等级突破材料总表!$A:$A,"<="&D11,角色等级突破材料总表!$D:$D)-SUMIF(角色等级突破材料总表!$A:$A,"<="&C11,角色等级突破材料总表!$D:$D)) | Q11: =IF(OR(B11="",C11="",D11=""),"",SUMIF(角色等级突破材料总表!$A:$A,"<="&D11,角色等级突破材料总表!$F:$F)-SUMIF(角色等级突破材料总表!$A:$A,"<="&C11,角色等级突破材料总表!$F:$F)) | R11: =IF(OR(B11="",C11="",D11=""),"",SUMIF(角色等级突破材料总表!$A:$A,"<="&D11,角色等级突破材料总表!$G:$G)-SUMIF(角色等级突破材料总表!$A:$A,"<="&C11,角色等级突破材料总表!$G:$G)) | S11: =IF(OR(B11="",C11="",D11=""),"",SUMIF(角色等级突破材料总表!$A:$A,"<="&D11,角色等级突破材料总表!$H:$H)-SUMIF(角色等级突破材料总表!$A:$A,"<="&C11,角色等级突破材料总表!$H:$H)) | T11: =IF(OR(B11="",C11="",D11=""),"",SUMIF(角色等级突破材料总表!$A:$A,"<="&D11,角色等级突破材料总表!$I:$I)-SUMIF(角色等级突破材料总表!$A:$A,"<="&C11,角色等级突破材料总表!$I:$I)) | U11: =IF(E11="","",IFERROR(VLOOKUP(E11,全弧盘突破材料对照!$A:$H,6,FALSE),"未找到")) | V11: =IF(OR(E11="",F11="",G11=""),"",SUMIF(弧盘强化总表!$A:$A,"<="&G11,弧盘强化总表!$B:$B)-SUMIF(弧盘强化总表!$A:$A,"<="&F11,弧盘强化总表!$B:$B)) | W11: =IF(E11="","",IFERROR(VLOOKUP(E11,全弧盘突破材料对照!$A:$H,7,FALSE),"")) | X11: =IF(OR(E11="",F11="",G11=""),"",SUMIF(弧盘强化总表!$A:$A,"<="&G11,弧盘强化总表!$C:$C)-SUMIF(弧盘强化总表!$A:$A,"<="&F11,弧盘强化总表!$C:$C)) | Y11: =IF(E11="","",IFERROR(VLOOKUP(E11,全弧盘突破材料对照!$A:$H,8,FALSE),"")) | Z11: =IF(OR(E11="",F11="",G11=""),"",SUMIF(弧盘强化总表!$A:$A,"<="&G11,弧盘强化总表!$D:$D)-SUMIF(弧盘强化总表!$A:$A,"<="&F11,弧盘强化总表!$D:$D)) | AA11: =IF(E11="","",IFERROR(VLOOKUP(E11,全弧盘突破材料对照!$A:$H,3,FALSE),"")) | AB11: =IF(OR(E11="",F11="",G11=""),"",SUMIF(弧盘强化总表!$A:$A,"<="&G11,弧盘强化总表!$E:$E)-SUMIF(弧盘强化总表!$A:$A,"<="&F11,弧盘强化总表!$E:$E)) | AC11: =IF(E11="","",IFERROR(VLOOKUP(E11,全弧盘突破材料对照!$A:$H,4,FALSE),"")) | AD11: =IF(OR(E11="",F11="",G11=""),"",SUMIF(弧盘强化总表!$A:$A,"<="&G11,弧盘强化总表!$F:$F)-SUMIF(弧盘强化总表!$A:$A,"<="&F11,弧盘强化总表!$F:$F)) | AE11: =IF(E11="","",IFERROR(VLOOKUP(E11,全弧盘突破材料对照!$A:$H,5,FALSE),"")) | AF11: =IF(OR(E11="",F11="",G11=""),"",SUMIF(弧盘强化总表!$A:$A,"<="&G11,弧盘强化总表!$G:$G)-SUMIF(弧盘强化总表!$A:$A,"<="&F11,弧盘强化总表!$G:$G)) | AG11: =IF(OR(E11="",F11="",G11=""),"",SUMIF(弧盘强化总表!$A:$A,"<="&G11,弧盘强化总表!$H:$H)-SUMIF(弧盘强化总表!$A:$A,"<="&F11,弧盘强化总表!$H:$H)) | AH11: =IF(OR(E11="",F11="",G11=""),"",SUMIF(弧盘强化总表!$A:$A,"<="&G11,弧盘强化总表!$I:$I)-SUMIF(弧盘强化总表!$A:$A,"<="&F11,弧盘强化总表!$I:$I)) | AI11: =IF(OR(E11="",F11="",G11=""),"",SUMIF(弧盘强化总表!$A:$A,"<="&G11,弧盘强化总表!$J:$J)-SUMIF(弧盘强化总表!$A:$A,"<="&F11,弧盘强化总表!$J:$J)) | AJ11: =IF(OR(E11="",F11="",G11=""),"",SUMIF(弧盘强化总表!$A:$A,"<="&G11,弧盘强化总表!$K:$K)-SUMIF(弧盘强化总表!$A:$A,"<="&F11,弧盘强化总表!$K:$K)) | AK11: =IF(B11="","",T11+AJ11) | AL11: =IF(B11="","",AG11*500+AH11*2500+AI11*10000) | AM11: =IF(B11="","",L11+AB11) | AN11: =IF(B11="","",N11+AD11) | AO11: =IF(B11="","",P11+AF11)
A12: 8 | I12: =IF(B12="","",IFERROR(VLOOKUP(B12,全角色突破材料对照!$A:$E,2,FALSE),"未找到")) | J12: =IF(OR(B12="",C12="",D12=""),"",SUMIF(角色等级突破材料总表!$A:$A,"<="&D12,角色等级突破材料总表!$E:$E)-SUMIF(角色等级突破材料总表!$A:$A,"<="&C12,角色等级突破材料总表!$E:$E)) | K12: =IF(B12="","",IFERROR(VLOOKUP(B12,全角色突破材料对照!$A:$E,3,FALSE),"")) | L12: =IF(OR(B12="",C12="",D12=""),"",SUMIF(角色等级突破材料总表!$A:$A,"<="&D12,角色等级突破材料总表!$B:$B)-SUMIF(角色等级突破材料总表!$A:$A,"<="&C12,角色等级突破材料总表!$B:$B)) | M12: =IF(B12="","",IFERROR(VLOOKUP(B12,全角色突破材料对照!$A:$E,4,FALSE),"")) | N12: =IF(OR(B12="",C12="",D12=""),"",SUMIF(角色等级突破材料总表!$A:$A,"<="&D12,角色等级突破材料总表!$C:$C)-SUMIF(角色等级突破材料总表!$A:$A,"<="&C12,角色等级突破材料总表!$C:$C)) | O12: =IF(B12="","",IFERROR(VLOOKUP(B12,全角色突破材料对照!$A:$E,5,FALSE),"")) | P12: =IF(OR(B12="",C12="",D12=""),"",SUMIF(角色等级突破材料总表!$A:$A,"<="&D12,角色等级突破材料总表!$D:$D)-SUMIF(角色等级突破材料总表!$A:$A,"<="&C12,角色等级突破材料总表!$D:$D)) | Q12: =IF(OR(B12="",C12="",D12=""),"",SUMIF(角色等级突破材料总表!$A:$A,"<="&D12,角色等级突破材料总表!$F:$F)-SUMIF(角色等级突破材料总表!$A:$A,"<="&C12,角色等级突破材料总表!$F:$F)) | R12: =IF(OR(B12="",C12="",D12=""),"",SUMIF(角色等级突破材料总表!$A:$A,"<="&D12,角色等级突破材料总表!$G:$G)-SUMIF(角色等级突破材料总表!$A:$A,"<="&C12,角色等级突破材料总表!$G:$G)) | S12: =IF(OR(B12="",C12="",D12=""),"",SUMIF(角色等级突破材料总表!$A:$A,"<="&D12,角色等级突破材料总表!$H:$H)-SUMIF(角色等级突破材料总表!$A:$A,"<="&C12,角色等级突破材料总表!$H:$H)) | T12: =IF(OR(B12="",C12="",D12=""),"",SUMIF(角色等级突破材料总表!$A:$A,"<="&D12,角色等级突破材料总表!$I:$I)-SUMIF(角色等级突破材料总表!$A:$A,"<="&C12,角色等级突破材料总表!$I:$I)) | U12: =IF(E12="","",IFERROR(VLOOKUP(E12,全弧盘突破材料对照!$A:$H,6,FALSE),"未找到")) | V12: =IF(OR(E12="",F12="",G12=""),"",SUMIF(弧盘强化总表!$A:$A,"<="&G12,弧盘强化总表!$B:$B)-SUMIF(弧盘强化总表!$A:$A,"<="&F12,弧盘强化总表!$B:$B)) | W12: =IF(E12="","",IFERROR(VLOOKUP(E12,全弧盘突破材料对照!$A:$H,7,FALSE),"")) | X12: =IF(OR(E12="",F12="",G12=""),"",SUMIF(弧盘强化总表!$A:$A,"<="&G12,弧盘强化总表!$C:$C)-SUMIF(弧盘强化总表!$A:$A,"<="&F12,弧盘强化总表!$C:$C)) | Y12: =IF(E12="","",IFERROR(VLOOKUP(E12,全弧盘突破材料对照!$A:$H,8,FALSE),"")) | Z12: =IF(OR(E12="",F12="",G12=""),"",SUMIF(弧盘强化总表!$A:$A,"<="&G12,弧盘强化总表!$D:$D)-SUMIF(弧盘强化总表!$A:$A,"<="&F12,弧盘强化总表!$D:$D)) | AA12: =IF(E12="","",IFERROR(VLOOKUP(E12,全弧盘突破材料对照!$A:$H,3,FALSE),"")) | AB12: =IF(OR(E12="",F12="",G12=""),"",SUMIF(弧盘强化总表!$A:$A,"<="&G12,弧盘强化总表!$E:$E)-SUMIF(弧盘强化总表!$A:$A,"<="&F12,弧盘强化总表!$E:$E)) | AC12: =IF(E12="","",IFERROR(VLOOKUP(E12,全弧盘突破材料对照!$A:$H,4,FALSE),"")) | AD12: =IF(OR(E12="",F12="",G12=""),"",SUMIF(弧盘强化总表!$A:$A,"<="&G12,弧盘强化总表!$F:$F)-SUMIF(弧盘强化总表!$A:$A,"<="&F12,弧盘强化总表!$F:$F)) | AE12: =IF(E12="","",IFERROR(VLOOKUP(E12,全弧盘突破材料对照!$A:$H,5,FALSE),"")) | AF12: =IF(OR(E12="",F12="",G12=""),"",SUMIF(弧盘强化总表!$A:$A,"<="&G12,弧盘强化总表!$G:$G)-SUMIF(弧盘强化总表!$A:$A,"<="&F12,弧盘强化总表!$G:$G)) | AG12: =IF(OR(E12="",F12="",G12=""),"",SUMIF(弧盘强化总表!$A:$A,"<="&G12,弧盘强化总表!$H:$H)-SUMIF(弧盘强化总表!$A:$A,"<="&F12,弧盘强化总表!$H:$H)) | AH12: =IF(OR(E12="",F12="",G12=""),"",SUMIF(弧盘强化总表!$A:$A,"<="&G12,弧盘强化总表!$I:$I)-SUMIF(弧盘强化总表!$A:$A,"<="&F12,弧盘强化总表!$I:$I)) | AI12: =IF(OR(E12="",F12="",G12=""),"",SUMIF(弧盘强化总表!$A:$A,"<="&G12,弧盘强化总表!$J:$J)-SUMIF(弧盘强化总表!$A:$A,"<="&F12,弧盘强化总表!$J:$J)) | AJ12: =IF(OR(E12="",F12="",G12=""),"",SUMIF(弧盘强化总表!$A:$A,"<="&G12,弧盘强化总表!$K:$K)-SUMIF(弧盘强化总表!$A:$A,"<="&F12,弧盘强化总表!$K:$K)) | AK12: =IF(B12="","",T12+AJ12) | AL12: =IF(B12="","",AG12*500+AH12*2500+AI12*10000) | AM12: =IF(B12="","",L12+AB12) | AN12: =IF(B12="","",N12+AD12) | AO12: =IF(B12="","",P12+AF12)
A13: 9 | I13: =IF(B13="","",IFERROR(VLOOKUP(B13,全角色突破材料对照!$A:$E,2,FALSE),"未找到")) | J13: =IF(OR(B13="",C13="",D13=""),"",SUMIF(角色等级突破材料总表!$A:$A,"<="&D13,角色等级突破材料总表!$E:$E)-SUMIF(角色等级突破材料总表!$A:$A,"<="&C13,角色等级突破材料总表!$E:$E)) | K13: =IF(B13="","",IFERROR(VLOOKUP(B13,全角色突破材料对照!$A:$E,3,FALSE),"")) | L13: =IF(OR(B13="",C13="",D13=""),"",SUMIF(角色等级突破材料总表!$A:$A,"<="&D13,角色等级突破材料总表!$B:$B)-SUMIF(角色等级突破材料总表!$A:$A,"<="&C13,角色等级突破材料总表!$B:$B)) | M13: =IF(B13="","",IFERROR(VLOOKUP(B13,全角色突破材料对照!$A:$E,4,FALSE),"")) | N13: =IF(OR(B13="",C13="",D13=""),"",SUMIF(角色等级突破材料总表!$A:$A,"<="&D13,角色等级突破材料总表!$C:$C)-SUMIF(角色等级突破材料总表!$A:$A,"<="&C13,角色等级突破材料总表!$C:$C)) | O13: =IF(B13="","",IFERROR(VLOOKUP(B13,全角色突破材料对照!$A:$E,5,FALSE),"")) | P13: =IF(OR(B13="",C13="",D13=""),"",SUMIF(角色等级突破材料总表!$A:$A,"<="&D13,角色等级突破材料总表!$D:$D)-SUMIF(角色等级突破材料总表!$A:$A,"<="&C13,角色等级突破材料总表!$D:$D)) | Q13: =IF(OR(B13="",C13="",D13=""),"",SUMIF(角色等级突破材料总表!$A:$A,"<="&D13,角色等级突破材料总表!$F:$F)-SUMIF(角色等级突破材料总表!$A:$A,"<="&C13,角色等级突破材料总表!$F:$F)) | R13: =IF(OR(B13="",C13="",D13=""),"",SUMIF(角色等级突破材料总表!$A:$A,"<="&D13,角色等级突破材料总表!$G:$G)-SUMIF(角色等级突破材料总表!$A:$A,"<="&C13,角色等级突破材料总表!$G:$G)) | S13: =IF(OR(B13="",C13="",D13=""),"",SUMIF(角色等级突破材料总表!$A:$A,"<="&D13,角色等级突破材料总表!$H:$H)-SUMIF(角色等级突破材料总表!$A:$A,"<="&C13,角色等级突破材料总表!$H:$H)) | T13: =IF(OR(B13="",C13="",D13=""),"",SUMIF(角色等级突破材料总表!$A:$A,"<="&D13,角色等级突破材料总表!$I:$I)-SUMIF(角色等级突破材料总表!$A:$A,"<="&C13,角色等级突破材料总表!$I:$I)) | U13: =IF(E13="","",IFERROR(VLOOKUP(E13,全弧盘突破材料对照!$A:$H,6,FALSE),"未找到")) | V13: =IF(OR(E13="",F13="",G13=""),"",SUMIF(弧盘强化总表!$A:$A,"<="&G13,弧盘强化总表!$B:$B)-SUMIF(弧盘强化总表!$A:$A,"<="&F13,弧盘强化总表!$B:$B)) | W13: =IF(E13="","",IFERROR(VLOOKUP(E13,全弧盘突破材料对照!$A:$H,7,FALSE),"")) | X13: =IF(OR(E13="",F13="",G13=""),"",SUMIF(弧盘强化总表!$A:$A,"<="&G13,弧盘强化总表!$C:$C)-SUMIF(弧盘强化总表!$A:$A,"<="&F13,弧盘强化总表!$C:$C)) | Y13: =IF(E13="","",IFERROR(VLOOKUP(E13,全弧盘突破材料对照!$A:$H,8,FALSE),"")) | Z13: =IF(OR(E13="",F13="",G13=""),"",SUMIF(弧盘强化总表!$A:$A,"<="&G13,弧盘强化总表!$D:$D)-SUMIF(弧盘强化总表!$A:$A,"<="&F13,弧盘强化总表!$D:$D)) | AA13: =IF(E13="","",IFERROR(VLOOKUP(E13,全弧盘突破材料对照!$A:$H,3,FALSE),"")) | AB13: =IF(OR(E13="",F13="",G13=""),"",SUMIF(弧盘强化总表!$A:$A,"<="&G13,弧盘强化总表!$E:$E)-SUMIF(弧盘强化总表!$A:$A,"<="&F13,弧盘强化总表!$E:$E)) | AC13: =IF(E13="","",IFERROR(VLOOKUP(E13,全弧盘突破材料对照!$A:$H,4,FALSE),"")) | AD13: =IF(OR(E13="",F13="",G13=""),"",SUMIF(弧盘强化总表!$A:$A,"<="&G13,弧盘强化总表!$F:$F)-SUMIF(弧盘强化总表!$A:$A,"<="&F13,弧盘强化总表!$F:$F)) | AE13: =IF(E13="","",IFERROR(VLOOKUP(E13,全弧盘突破材料对照!$A:$H,5,FALSE),"")) | AF13: =IF(OR(E13="",F13="",G13=""),"",SUMIF(弧盘强化总表!$A:$A,"<="&G13,弧盘强化总表!$G:$G)-SUMIF(弧盘强化总表!$A:$A,"<="&F13,弧盘强化总表!$G:$G)) | AG13: =IF(OR(E13="",F13="",G13=""),"",SUMIF(弧盘强化总表!$A:$A,"<="&G13,弧盘强化总表!$H:$H)-SUMIF(弧盘强化总表!$A:$A,"<="&F13,弧盘强化总表!$H:$H)) | AH13: =IF(OR(E13="",F13="",G13=""),"",SUMIF(弧盘强化总表!$A:$A,"<="&G13,弧盘强化总表!$I:$I)-SUMIF(弧盘强化总表!$A:$A,"<="&F13,弧盘强化总表!$I:$I)) | AI13: =IF(OR(E13="",F13="",G13=""),"",SUMIF(弧盘强化总表!$A:$A,"<="&G13,弧盘强化总表!$J:$J)-SUMIF(弧盘强化总表!$A:$A,"<="&F13,弧盘强化总表!$J:$J)) | AJ13: =IF(OR(E13="",F13="",G13=""),"",SUMIF(弧盘强化总表!$A:$A,"<="&G13,弧盘强化总表!$K:$K)-SUMIF(弧盘强化总表!$A:$A,"<="&F13,弧盘强化总表!$K:$K)) | AK13: =IF(B13="","",T13+AJ13) | AL13: =IF(B13="","",AG13*500+AH13*2500+AI13*10000) | AM13: =IF(B13="","",L13+AB13) | AN13: =IF(B13="","",N13+AD13) | AO13: =IF(B13="","",P13+AF13)
A14: 10 | I14: =IF(B14="","",IFERROR(VLOOKUP(B14,全角色突破材料对照!$A:$E,2,FALSE),"未找到")) | J14: =IF(OR(B14="",C14="",D14=""),"",SUMIF(角色等级突破材料总表!$A:$A,"<="&D14,角色等级突破材料总表!$E:$E)-SUMIF(角色等级突破材料总表!$A:$A,"<="&C14,角色等级突破材料总表!$E:$E)) | K14: =IF(B14="","",IFERROR(VLOOKUP(B14,全角色突破材料对照!$A:$E,3,FALSE),"")) | L14: =IF(OR(B14="",C14="",D14=""),"",SUMIF(角色等级突破材料总表!$A:$A,"<="&D14,角色等级突破材料总表!$B:$B)-SUMIF(角色等级突破材料总表!$A:$A,"<="&C14,角色等级突破材料总表!$B:$B)) | M14: =IF(B14="","",IFERROR(VLOOKUP(B14,全角色突破材料对照!$A:$E,4,FALSE),"")) | N14: =IF(OR(B14="",C14="",D14=""),"",SUMIF(角色等级突破材料总表!$A:$A,"<="&D14,角色等级突破材料总表!$C:$C)-SUMIF(角色等级突破材料总表!$A:$A,"<="&C14,角色等级突破材料总表!$C:$C)) | O14: =IF(B14="","",IFERROR(VLOOKUP(B14,全角色突破材料对照!$A:$E,5,FALSE),"")) | P14: =IF(OR(B14="",C14="",D14=""),"",SUMIF(角色等级突破材料总表!$A:$A,"<="&D14,角色等级突破材料总表!$D:$D)-SUMIF(角色等级突破材料总表!$A:$A,"<="&C14,角色等级突破材料总表!$D:$D)) | Q14: =IF(OR(B14="",C14="",D14=""),"",SUMIF(角色等级突破材料总表!$A:$A,"<="&D14,角色等级突破材料总表!$F:$F)-SUMIF(角色等级突破材料总表!$A:$A,"<="&C14,角色等级突破材料总表!$F:$F)) | R14: =IF(OR(B14="",C14="",D14=""),"",SUMIF(角色等级突破材料总表!$A:$A,"<="&D14,角色等级突破材料总表!$G:$G)-SUMIF(角色等级突破材料总表!$A:$A,"<="&C14,角色等级突破材料总表!$G:$G)) | S14: =IF(OR(B14="",C14="",D14=""),"",SUMIF(角色等级突破材料总表!$A:$A,"<="&D14,角色等级突破材料总表!$H:$H)-SUMIF(角色等级突破材料总表!$A:$A,"<="&C14,角色等级突破材料总表!$H:$H)) | T14: =IF(OR(B14="",C14="",D14=""),"",SUMIF(角色等级突破材料总表!$A:$A,"<="&D14,角色等级突破材料总表!$I:$I)-SUMIF(角色等级突破材料总表!$A:$A,"<="&C14,角色等级突破材料总表!$I:$I)) | U14: =IF(E14="","",IFERROR(VLOOKUP(E14,全弧盘突破材料对照!$A:$H,6,FALSE),"未找到")) | V14: =IF(OR(E14="",F14="",G14=""),"",SUMIF(弧盘强化总表!$A:$A,"<="&G14,弧盘强化总表!$B:$B)-SUMIF(弧盘强化总表!$A:$A,"<="&F14,弧盘强化总表!$B:$B)) | W14: =IF(E14="","",IFERROR(VLOOKUP(E14,全弧盘突破材料对照!$A:$H,7,FALSE),"")) | X14: =IF(OR(E14="",F14="",G14=""),"",SUMIF(弧盘强化总表!$A:$A,"<="&G14,弧盘强化总表!$C:$C)-SUMIF(弧盘强化总表!$A:$A,"<="&F14,弧盘强化总表!$C:$C)) | Y14: =IF(E14="","",IFERROR(VLOOKUP(E14,全弧盘突破材料对照!$A:$H,8,FALSE),"")) | Z14: =IF(OR(E14="",F14="",G14=""),"",SUMIF(弧盘强化总表!$A:$A,"<="&G14,弧盘强化总表!$D:$D)-SUMIF(弧盘强化总表!$A:$A,"<="&F14,弧盘强化总表!$D:$D)) | AA14: =IF(E14="","",IFERROR(VLOOKUP(E14,全弧盘突破材料对照!$A:$H,3,FALSE),"")) | AB14: =IF(OR(E14="",F14="",G14=""),"",SUMIF(弧盘强化总表!$A:$A,"<="&G14,弧盘强化总表!$E:$E)-SUMIF(弧盘强化总表!$A:$A,"<="&F14,弧盘强化总表!$E:$E)) | AC14: =IF(E14="","",IFERROR(VLOOKUP(E14,全弧盘突破材料对照!$A:$H,4,FALSE),"")) | AD14: =IF(OR(E14="",F14="",G14=""),"",SUMIF(弧盘强化总表!$A:$A,"<="&G14,弧盘强化总表!$F:$F)-SUMIF(弧盘强化总表!$A:$A,"<="&F14,弧盘强化总表!$F:$F)) | AE14: =IF(E14="","",IFERROR(VLOOKUP(E14,全弧盘突破材料对照!$A:$H,5,FALSE),"")) | AF14: =IF(OR(E14="",F14="",G14=""),"",SUMIF(弧盘强化总表!$A:$A,"<="&G14,弧盘强化总表!$G:$G)-SUMIF(弧盘强化总表!$A:$A,"<="&F14,弧盘强化总表!$G:$G)) | AG14: =IF(OR(E14="",F14="",G14=""),"",SUMIF(弧盘强化总表!$A:$A,"<="&G14,弧盘强化总表!$H:$H)-SUMIF(弧盘强化总表!$A:$A,"<="&F14,弧盘强化总表!$H:$H)) | AH14: =IF(OR(E14="",F14="",G14=""),"",SUMIF(弧盘强化总表!$A:$A,"<="&G14,弧盘强化总表!$I:$I)-SUMIF(弧盘强化总表!$A:$A,"<="&F14,弧盘强化总表!$I:$I)) | AI14: =IF(OR(E14="",F14="",G14=""),"",SUMIF(弧盘强化总表!$A:$A,"<="&G14,弧盘强化总表!$J:$J)-SUMIF(弧盘强化总表!$A:$A,"<="&F14,弧盘强化总表!$J:$J)) | AJ14: =IF(OR(E14="",F14="",G14=""),"",SUMIF(弧盘强化总表!$A:$A,"<="&G14,弧盘强化总表!$K:$K)-SUMIF(弧盘强化总表!$A:$A,"<="&F14,弧盘强化总表!$K:$K)) | AK14: =IF(B14="","",T14+AJ14) | AL14: =IF(B14="","",AG14*500+AH14*2500+AI14*10000) | AM14: =IF(B14="","",L14+AB14) | AN14: =IF(B14="","",N14+AD14) | AO14: =IF(B14="","",P14+AF14)
A15: 全队汇总 | I15: =SUM(I5:I14) | J15: =SUM(J5:J14) | K15: =SUM(K5:K14) | L15: =SUM(L5:L14) | M15: =SUM(M5:M14) | N15: =SUM(N5:N14) | O15: =SUM(O5:O14) | P15: =SUM(P5:P14) | ... AO15: =SUM(AO5:AO14)

Sheet 角色等级突破材料总表
A1: 角色突破材料总表（累计值）
A3: 等级 | B3: 低级异像素材 | C3: 中级异像素材 | D3: 高级异像素材 | E3: 突破素材 | F3: 新锐猎人攻略 | G3: 资深猎人攻略 | H3: 特级猎人攻略 | I3: 累计甲硬币 | J3: 累计经验 | K3: 备注
A4: 20 | B4: 0 | C4: 0 | D4: 0 | E4: 0 | F4: 19 | G4: 0 | H4: 5 | I4: 29750 | J4: 119000
A5: 30 | B5: 5 | C5: 0 | D5: 0 | E5: 0 | F5: 19 | G5: 0 | H5: 10 | I5: 54750 | J5: 219000 | K5: ⭐
A6: 40 | B6: 12 | C6: 0 | D6: 0 | E6: 2 | F6: 19 | G6: 0 | H6: 18 | I6: 144750 | J6: 379000 | K6: ⭐⭐
A7: 50 | B7: 0 | C7: 6 | D7: 0 | E7: 8 | F7: 19 | G7: 0 | H7: 30 | I7: 229750 | J7: 619000 | K7: ⭐⭐⭐
A8: 60 | B8: 0 | C8: 12 | D8: 0 | E8: 16 | F8: 0 | G8: 0 | H8: 50 | I8: 345000 | J8: 1000000 | K8: ⭐⭐⭐⭐
A9: 70 | B9: 0 | C9: 0 | D9: 6 | E9: 24 | F9: 19 | G9: 0 | H9: 80 | I9: 529750 | J9: 1619000 | K9: ⭐⭐⭐⭐⭐
A10: 80 | B10: 0 | C10: 0 | D10: 9 | E10: 36 | F10: 19 | G10: 0 | H10: 130 | I10: 804750 | J10: 2619000 | K10: ⭐⭐⭐⭐⭐⭐
A11: 注：以上为示例数据，请根据异环实际游戏数值修改。本表使用累计值，方便公式直接相减计算缺口。

Sheet 弧盘强化总表
A1: 弧盘强化材料总表（累计值）
A3: 弧盘等级 | B3: 低级弧盘素材 | C3: 中级弧盘素材 | D3: 高级弧盘素材 | E3: 低级异像素材 | F3: 中级异像素材 | G3: 高级异像素材 | H3: 淡色染剂 | I3: 无彩染剂 | J3: 混沌染剂 | K3: 累计甲硬币 | L3: 累计经验 | M3: 备注
A4: 20 | B4: 0 | C4: 0 | D4: 0 | E4: 0 | F4: 0 | G4: 0 | H4: 0 | I4: 0 | J4: 4 | K4: 12000 | L4: 40000
A5: 30 | B5: 3 | C5: 0 | D5: 0 | E5: 3 | F5: 0 | G5: 0 | H5: 0 | I5: 0 | J5: 10 | K5: 46000 | L5: 100000 | M5: ⭐
A6: 40 | B6: 8 | C6: 0 | D6: 0 | E6: 8 | F6: 0 | G6: 0 | H6: 0 | I6: 2 | J6: 28 | K6: 90500 | L6: 285000 | M6: ⭐⭐
A7: 50 | B7: 0 | C7: 6 | D7: 0 | E7: 0 | F7: 6 | G7: 0 | H7: 0 | I7: 2 | J7: 34 | K7: 183500 | L7: 345000 | M7: ⭐⭐⭐
A8: 60 | B8: 0 | C8: 12 | D8: 0 | E8: 0 | F8: 12 | G8: 0 | H8: 0 | I8: 1 | J8: 56 | K8: 248750 | L8: 562500 | M8: ⭐⭐⭐⭐
A9: 70 | B9: 0 | C9: 0 | D9: 6 | E9: 0 | F9: 0 | G9: 6 | H9: 0 | I9: 2 | J9: 91 | K9: 374500 | L9: 915000 | M9: ⭐⭐⭐⭐⭐
A10: 80 | B10: 0 | C10: 0 | D10: 12 | E10: 0 | F10: 0 | G10: 12 | H10: 0 | I10: 0 | J10: 149 | K10: 567000 | L10: 1490000 | M10: ⭐⭐⭐⭐⭐⭐
A11: 注：以上为示例数据，弧盘等级请按游戏实际最大等级调整。

Sheet 全角色突破材料对照
A1: 全角色突破材料类型对照表
A3: 角色名 | B3: 突破素材 | C3: 低级异像素材 | D3: 中级异像素材 | E3: 高级异像素材 | F3: 突破素材类型 | G3: 备注
A4: 安魂曲 | B4: 倾诉花种 | C4: 失落絮语 | D4: 茫昧絮语 | E4: 悖谬絮语 | F4: 塞润尼缇 | G4: 未闻浦地区-塞润尼缇庄园
A5: 浔 | B5: 倾诉花种 | C5: 失落絮语 | D5: 茫昧絮语 | E5: 悖谬絮语 | F5: 塞润尼缇 | G5: 未闻浦地区-塞润尼缇庄园
A6: 白藏 | B6: 护巢残片 | C6: 模糊数符 | D6: 未解数符 | E6: 扭曲数符 | F6: 囿巢鸟 | G6: 新赫兰德区-办公大楼楼顶飞机坪
A7: 哈索尔 | B7: 斑斓的票根 | C7: 悬想幻妄 | D7: 渴念幻妄 | E7: 超验幻妄 | F7: 斑蝶 | G7: 新赫兰德区-电影院
A8: 异能者 | B8: 上膛骑士火花塞 | C8: 失落絮语 | D8: 茫昧絮语 | E8: 悖谬絮语 | F8: 无头铁驭 | G8: 未闻浦地区-隧道
A9: 娜娜莉 | B9: 妄想彼岸的一页 | C9: 褪色掠影 | D9: 失焦掠影 | E9: 晦影掠影 | F9: 黑之书 | G9: 新赫兰德区-工地三楼
A10: 九原 | B10: 海之泪 | C10: 褪色掠影 | D10: 失焦掠影 | E10: 晦影掠影 | F10: 海囚 | G10: 新赫兰德区-鹦鹉螺海底隧道
A11: 早雾 | B11: 上膛骑士火花塞 | C11: 模糊数符 | D11: 未解数符 | E11: 扭曲数符 | F11: 无头铁驭 | G11: 未闻浦地区-隧道
A12: 法帝娅 | B12: 水月色拨片 | C12: 褪色掠影 | D12: 失焦掠影 | E12: 晦影掠影 | F12: 音霸魔王 | G12: 绘空町-卷叶榕大道
A13: 达芙蒂尔 | B13: 上膛骑士火花塞 | C13: 悬想幻妄 | D13: 渴念幻妄 | E13: 超验幻妄 | F13: 无头铁驭 | G13: 未闻浦地区-隧道
A14: 小吱 | B14: 海之泪 | C14: 失落絮语 | D14: 茫昧絮语 | E14: 悖谬絮语 | F14: 海囚 | G14: 新赫兰德区-鹦鹉螺海底隧道
... A20: 翳 | B20: 倾诉花种 | C20: 悬想幻妄 | D20: 渴念幻妄 | E20: 超验幻妄 | F20: 塞润尼缇 | G20: 未闻浦地区-塞润尼缇庄园

Sheet 全弧盘突破材料对照
A1: 全弧盘突破材料类型对照表
A3: 弧盘名 | B3: 类别 | C3: 低级异像素材 | D3: 中级异像素材 | E3: 高级异像素材 | F3: 低级弧盘素材 | G3: 中级弧盘素材 | H3: 高级弧盘素材
A4: 银河暂留 | B4: 等离子 | C4: 悬想幻妄 | D4: 渴念幻妄 | E4: 超验幻妄 | F4: 液态梦试用装 | G4: 液态梦旅行装 | H4: 灌装液态梦
A5: 倾世之语 | B5: 固态 | C5: 失落絮语 | D5: 茫昧絮语 | E5: 悖谬絮语 | F5: 螺旋乐碎屑 | G5: 螺旋乐小节 | H5: 螺旋乐齐奏
A6: 最后一朵玫瑰 | B6: 液态 | C6: 失落絮语 | D6: 茫昧絮语 | E6: 悖谬絮语 | F6: 铁制苹果核 | G6: 银质苹果核 | H6: 金色苹果核
A7: 预备备 | B7: 等离子 | C7: 失落絮语 | D7: 茫昧絮语 | E7: 悖谬絮语 | F7: 螺旋乐碎屑 | G7: 螺旋乐小节 | H7: 螺旋乐齐奏
A8: 永恒圆舞曲 | B8: 聚合 | C8: 褪色掠影 | D8: 失焦掠影 | E8: 晦影掠影 | F8: 无味冷点心 | G8: 原味冷点心 | H8: 特制冷点心
A9: 引爆全场 | B9: 固态 | C9: 模糊数符 | D9: 未解数符 | E9: 扭曲数符 | F9: 螺旋乐碎屑 | G9: 螺旋乐小节 | H9: 螺旋乐齐奏
A10: 焰魂狂飙 | B10: 等离子 | C10: 悬想幻妄 | D10: 渴念幻妄 | E10: 超验幻妄 | F10: 液态梦试用装 | G10: 液态梦旅行装 | H10: 灌装液态梦
A11: 休息日 | B11: 固态 | C11: 失落絮语 | D11: 茫昧絮语 | E11: 悖谬絮语 | F11: 螺旋乐碎屑 | G11: 螺旋乐小节 | H11: 螺旋乐齐奏
A12: 凶猛之绵 | B12: 聚合 | C12: 模糊数符 | D12: 未解数符 | E12: 扭曲数符 | F12: 铁制苹果核 | G12: 银质苹果核 | H12: 金色苹果核
A13: 行进于时间之外 | B13: 固态 | C13: 失落絮语 | D13: 茫昧絮语 | E13: 悖谬絮语 | F13: 入门级戏剧芯 | G13: 大师级戏剧芯 | H13: 典藏级戏剧芯
A14: 现实避难所 | B14: 固态 | C14: 褪色掠影 | D14: 失焦掠影 | E14: 晦影掠影 | F14: 入门级戏剧芯 | G14: 大师级戏剧芯 | H14: 典藏级戏剧芯
... A28: 勿忘伞 | B28: 聚合 | C28: 模糊数符 | D28: 未解数符 | E28: 扭曲数符 | F28: 铁制苹果核 | G28: 银质苹果核 | H28: 金色苹果核

Sheet 材料合成换算表
A1: 材料 3 合 1 合成换算表
A3: 材料类型 | B3: 低级素材 | C3: 中级素材 | D3: 高级素材 | E3: 合成比例
A4: 泡影罐头.苹果核 | B4: 铁制苹果核 | C4: 银质苹果核 | D4: 金色苹果核 | E4: 3低级=1中级, 3中级=1高级
A5: 泡影罐头.螺旋乐 | B5: 螺旋乐碎屑 | C5: 螺旋乐小节 | D5: 螺旋乐齐奏 | E5: 3低级=1中级, 3中级=1高级
A6: 泡影罐头.液态梦 | B6: 液态梦试用装 | C6: 液态梦旅行装 | D6: 灌装液态梦 | E6: 3低级=1中级, 3中级=1高级
A7: 泡影罐头.冷点心 | B7: 无味冷点心 | C7: 原味冷点心 | D7: 特制冷点心 | E7: 3低级=1中级, 3中级=1高级
A8: 泡影罐头.戏剧芯 | B8: 入门级戏剧芯 | C8: 大师级戏剧芯 | D8: 典藏级戏剧芯 | E8: 3低级=1中级, 3中级=1高级
A9: 小心鸽子(鸽子图案) | B9: 雏鸟的希翼 | C9: 白鸽的振翅 | D9: 橄榄枝 | E9: 3低级=1中级, 3中级=1高级
A10: 扑克茶会(玫瑰图案) | B10: 新兵的怯懦 | C10: 尉官的谨慎 | D10: 白蔷薇 | E10: 3低级=1中级, 3中级=1高级
A11: 惊喜派对(帽子图案) | B11: 初次的期许 | C11: 已知的倦怠 | D11: 黑帽子 | E11: 3低级=1中级, 3中级=1高级
A12: 心电感应(心跳图案) | B12: 思维的同频 | C12: 信仰的共鸣 | D12: 心跳夜 | E12: 3低级=1中级, 3中级=1高级
A13: 越狱艺术(倒挂图案) | B13: 水波的迟疑 | C13: 倒悬的轻响 | D13: 第二人 | E13: 3低级=1中级, 3中级=1高级
A14: 絮语系列 | B14: 失落絮语 | C14: 茫昧絮语 | D14: 悖谬絮语 | E14: 3低级=1中级, 3中级=1高级
... A17: 幻妄系列 | B17: 悬想幻妄 | C17: 渴念幻妄 | D17: 超验幻妄 | E17: 3低级=1中级, 3中级=1高级
A20: 自动换算计算器
A22: 输入低级素材数量 | D22: 输入中级素材数量
A23: 可合成中级 | B23: =FLOOR(B22/3,1) | D23: 可合成高级 | E23: =FLOOR(E22/3,1)
A24: 可合成高级 | B24: =FLOOR(B23/3,1) | D24: 剩余中级 | E24: =MOD(E22,3)
A25: 剩余低级 | B25: =MOD(B22,3)

Sheet 人物经验书对照表
A1: 人物经验书对照表
A3: 材料名称 | B3: 提供经验(点)
A4: 新锐猎人攻略 | B4: 1000
A5: 资深猎人攻略 | B5: 5000
A6: 特级猎人攻略 | B6: 20000

Sheet 弧盘经验书对照表
A1: 弧盘经验书对照表
A3: 材料名称 | B3: 提供经验(点)
A4: 淡色染剂 | B4: 500
A5: 无彩染剂 | B5: 2500
A6: 混沌染剂 | B6: 10000

Sheet 技能材料总表
A1: 技能升级材料总表（累计值）
A3: 技能等级 | B3: 累计低级书 | C3: 累计中级书 | D3: 累计高级书 | E3: 累计周本材料 | F3: 累计染剂 | G3: 累计金币(万)
A4: 1 | B4: 0 | C4: 0 | D4: 0 | E4: 0 | F4: 0 | G4: 0
A5: 2 | B5: 3 | C5: 0 | D5: 0 | E5: 0 | F5: 0 | G5: 0.2
A6: 3 | B6: 8 | C6: 0 | D6: 0 | E6: 0 | F6: 0 | G6: 0.5
A7: 4 | B7: 8 | C7: 3 | D7: 0 | E7: 0 | F7: 0 | G7: 1
A8: 5 | B8: 8 | C8: 8 | D8: 0 | E8: 0 | F8: 0 | G8: 1.8
A9: 6 | B9: 8 | C9: 8 | D9: 3 | E9: 1 | F9: 0 | G9: 3.3
A10: 7 | B10: 8 | C10: 8 | D10: 8 | E10: 3 | F10: 0 | G10: 5.8
A11: 8 | B11: 8 | C11: 8 | D11: 16 | E11: 6 | F11: 0 | G11: 9.8
A12: 9 | B12: 8 | C12: 8 | D12: 28 | E12: 10 | F12: 0 | G12: 15.8
A13: 10 | B13: 8 | C13: 8 | D13: 48 | E13: 16 | F13: 0 | G13: 25.8
A15: 注：以上为示例数据。技能A和技能B共用此表，如游戏内两技能材料不同，请复制此表分别命名。
